{
  "1": 25182.796491,
  "2": 7909.241359,
  "3": 0,
  "4": 0,
  "5": 18403.027444,
  "6": 16421.865602,
  "7": 8946.637262,
  "8": 19467.360002,
  "9": 29389.885303,
  "10": 14277.899306,
  "11": 16792.106762,
  "12": 22580.877881,
  "13": 13147.576707,
  "14": 14927.670618,
  "15": 9526.61622,
  "16": 14493.682174,
  "17": 13470.87176,
  "18": 3938.309472,
  "19": 25.618882,
  "20": 540.022864,
  "21": 310.958095,
  "22": 35309.412507,
  "23": 42136.678869,
  "24": 0,
  "25": 0,
  "26": 0,
  "27": 0,
  "28": 0,
  "29": 0,
  "30": 0
}