{
  "2021-01-1": 12204.480663,
  "2021-01-2": 987.389921
}