{
  "2021-02-28": 5012.804562,
  "2021-03-1": 4202.297855,
  "2021-03-2": 882.112962,
  "2021-03-3": 20490.392909,
  "2021-03-4": 17154.908331,
  "2021-03-5": 43060.668983,
  "2021-03-6": 1147.408554
}