{
  "2021-02-28": 5012.804562,
  "2021-03-1": 4202.297855,
  "2021-03-2": 811.570261,
  "2021-03-3": 0,
  "2021-03-4": 0,
  "2021-03-5": 0,
  "2021-03-6": 0
}