{
  "2021-04-4": 643.816741,
  "2021-04-5": 1877.69037,
  "2021-04-6": 0,
  "2021-04-7": 0,
  "2021-04-8": 0,
  "2021-04-9": 0,
  "2021-04-10": 0
}