{
  "2021-04-4": 643.816741,
  "2021-04-5": 1877.69037,
  "2021-04-6": 1414.855885,
  "2021-04-7": 88.188511,
  "2021-04-8": 1535.408843,
  "2021-04-9": 1604.840509,
  "2021-04-10": 2409.948363
}