{
  "2021-05-2": 691.471025,
  "2021-05-3": 8177.911504,
  "2021-05-4": 670.677048,
  "2021-05-5": 535.281774,
  "2021-05-6": 6039.122851,
  "2021-05-7": 6632.71816,
  "2021-05-8": 0
}