{
  "2021-05-2": 691.471025,
  "2021-05-3": 8177.911504,
  "2021-05-4": 0,
  "2021-05-5": 0,
  "2021-05-6": 0,
  "2021-05-7": 0,
  "2021-05-8": 0
}