{
  "2021-01-3": 4551.480099,
  "2021-01-4": 2383.704903,
  "2021-01-5": 0,
  "2021-01-6": 0,
  "2021-01-7": 0,
  "2021-01-8": 0,
  "2021-01-9": 0
}