{
  "2021-01-3": 4551.480099,
  "2021-01-4": 2383.704903,
  "2021-01-5": 4223.676215,
  "2021-01-6": 43832.063435,
  "2021-01-7": 39596.237335,
  "2021-01-8": 584.057834,
  "2021-01-9": 0
}