{
  "2021-01-3": 4551.480099,
  "2021-01-4": 2383.704903,
  "2021-01-5": 4223.676215,
  "2021-01-6": 43832.063435,
  "2021-01-7": 15793.293105,
  "2021-01-8": 0,
  "2021-01-9": 0
}