{
  "2021-07-4": 7453.003602,
  "2021-07-5": 15937.601297,
  "2021-07-6": 0,
  "2021-07-7": 0,
  "2021-07-8": 0,
  "2021-07-9": 0,
  "2021-07-10": 0
}