{
  "2021-08-1": 2656.29686,
  "2021-08-2": 604.388722,
  "2021-08-3": 178.663167,
  "2021-08-4": 0,
  "2021-08-5": 0,
  "2021-08-6": 0,
  "2021-08-7": 0
}