{
  "2021-10-3": 16.194301,
  "2021-10-4": 413.860412,
  "2021-10-5": 0,
  "2021-10-6": 0,
  "2021-10-7": 0,
  "2021-10-8": 0,
  "2021-10-9": 0
}