{
  "2021-10-3": 16.194301,
  "2021-10-4": 413.860412,
  "2021-10-5": 661.935675,
  "2021-10-6": 1002.482376,
  "2021-10-7": 17.535019,
  "2021-10-8": 0,
  "2021-10-9": 0
}