{
  "2021-10-31": 90.296726,
  "2021-11-1": 1191.635052,
  "2021-11-2": 789.425318,
  "2021-11-3": 0,
  "2021-11-4": 0,
  "2021-11-5": 0,
  "2021-11-6": 0
}