{
  "2021-01-31": 28792.910729,
  "2021-02-1": 55100.982469,
  "2021-02-2": 3456.144407,
  "2021-02-3": 56030.414131,
  "2021-02-4": 3036.067462,
  "2021-02-5": 807.806132,
  "2021-02-6": 2345.203604
}