{
  "2021-01-31": 28792.910729,
  "2021-02-1": 55100.982469,
  "2021-02-2": 738.062826,
  "2021-02-3": 0,
  "2021-02-4": 0,
  "2021-02-5": 0,
  "2021-02-6": 0
}