{
  "2021-01-31": 28792.910729,
  "2021-02-1": 42131.325747,
  "2021-02-2": 0,
  "2021-02-3": 0,
  "2021-02-4": 0,
  "2021-02-5": 0,
  "2021-02-6": 0
}