{
  "1": 0,
  "2": 2097.711533,
  "3": 739.534608,
  "4": 0,
  "5": 0,
  "6": 0,
  "7": 186.369744,
  "8": 0,
  "9": 620.618388,
  "10": 0,
  "11": 99.737918,
  "12": 0,
  "13": 51.075768,
  "14": 706.424693,
  "15": 142.240089,
  "16": 28.780252,
  "17": 0,
  "18": 133.40701,
  "19": 0,
  "20": 224.073072,
  "21": 0,
  "22": 0,
  "23": 0,
  "24": 626.592347,
  "25": 0,
  "26": 0,
  "27": 0
}