{
  "1": 0,
  "2": 510.123124,
  "3": 0,
  "4": 0,
  "5": 0,
  "6": 2.892466,
  "7": 0,
  "8": 13.702304,
  "9": 435.669153,
  "10": 58.834914,
  "11": 6440.171889,
  "12": 2076.654564,
  "13": 34.007471,
  "14": 0,
  "15": 0,
  "16": 0,
  "17": 22.99179,
  "18": 0,
  "19": 0,
  "20": 0,
  "21": 0,
  "22": 0,
  "23": 0,
  "24": 0,
  "25": 0,
  "26": 0,
  "27": 0,
  "28": 0,
  "29": 0,
  "30": 0
}