{
  "1": 638.896996,
  "2": 714.110836,
  "3": 61.895182,
  "4": 0,
  "5": 0,
  "6": 1488.219224,
  "7": 0,
  "8": 1194.312884,
  "9": 340.534504,
  "10": 2.689717,
  "11": 0,
  "12": 171.55566,
  "13": 0,
  "14": 0,
  "15": 0,
  "16": 0,
  "17": 0,
  "18": 0,
  "19": 0,
  "20": 0,
  "21": 0,
  "22": 0,
  "23": 0,
  "24": 0,
  "25": 0,
  "26": 0,
  "27": 0,
  "28": 0,
  "29": 0
}