{
  "1": 0,
  "2": 0,
  "3": 0,
  "4": 0,
  "5": 0,
  "6": 0,
  "7": 0,
  "8": 0,
  "9": 0,
  "10": 0,
  "11": 0,
  "12": 0,
  "13": 0,
  "14": 0,
  "15": 0,
  "16": 0,
  "17": 4.74855,
  "18": 19.570683,
  "19": 0,
  "20": 0,
  "21": 5765.171011,
  "22": 6934.795148,
  "23": 0,
  "24": 0,
  "25": 0,
  "26": 0,
  "27": 0
}