{
  "1": 0,
  "2": 195.21341,
  "3": 854.66868,
  "4": 0,
  "5": 0,
  "6": 0,
  "7": 12421.585842,
  "8": 0,
  "9": 1687.617225,
  "10": 0,
  "11": 0,
  "12": 0,
  "13": 0,
  "14": 329.163821,
  "15": 0,
  "16": 7.416667,
  "17": 0,
  "18": 0,
  "19": 0,
  "20": 0,
  "21": 2548.848312,
  "22": 129.602796,
  "23": 10.346647,
  "24": 5555.525401,
  "25": 9.700077,
  "26": 0,
  "27": 0,
  "28": 0,
  "29": 0,
  "30": 2286.945968
}