{
  "1": 672659.176132,
  "2": 503194.73698299995,
  "3": 326102.982731,
  "4": 123399.870773,
  "5": 114761.11612999998,
  "6": 0,
  "7": 0,
  "8": 0,
  "9": 0,
  "10": 0,
  "11": 0,
  "12": 0
}