{
  "1": 672659.176132,
  "2": 503194.73698299995,
  "3": 326102.982731,
  "4": 123399.870773,
  "5": 139050.58381900002,
  "6": 43929.483024,
  "7": 74345.76547,
  "8": 35234.190672000004,
  "9": 7957.408275000001,
  "10": 0,
  "11": 0,
  "12": 0
}