{
  "1": 4270.476206,
  "2": 5713.6703179999995,
  "3": 29.260859,
  "4": 3565.352037,
  "5": 11113.796062000001,
  "6": 8144.475133000001,
  "7": 5757.666696999999,
  "8": 2847.1641489999997,
  "9": 8256.819327,
  "10": 578.364113,
  "11": 0,
  "12": 0
}