{
  "1": 4270.476206,
  "2": 5713.6703179999995,
  "3": 29.260859,
  "4": 0,
  "5": 0,
  "6": 0,
  "7": 0,
  "8": 0,
  "9": 0,
  "10": 0,
  "11": 0,
  "12": 0
}