{
  "1": 1468.803334,
  "2": 15610.004155,
  "3": 15488.248978,
  "4": 0,
  "5": 0,
  "6": 0,
  "7": 0,
  "8": 0,
  "9": 0,
  "10": 0,
  "11": 0,
  "12": 0
}