{
  "1": 12204.480663,
  "2": 987.389921,
  "3": 4551.480099,
  "4": 2383.704903,
  "5": 4223.676215,
  "6": 43832.063435,
  "7": 39596.237335,
  "8": 16325.669687,
  "9": 72524.536041,
  "10": 33712.805271,
  "11": 31440.119538,
  "12": 7408.940226,
  "13": 38710.672055,
  "14": 44001.314767,
  "15": 22445.490624,
  "16": 46423.999741,
  "17": 7.51005,
  "18": 0,
  "19": 31665.358469,
  "20": 20597.266883,
  "21": 6574.35409,
  "22": 0,
  "23": 0,
  "24": 0,
  "25": 0,
  "26": 0,
  "27": 0,
  "28": 0,
  "29": 0,
  "30": 0
}