{
  "1": 12204.480663,
  "2": 987.389921,
  "3": 4551.480099,
  "4": 2383.704903,
  "5": 4223.676215,
  "6": 43832.063435,
  "7": 39596.237335,
  "8": 16325.669687,
  "9": 72524.536041,
  "10": 33712.805271,
  "11": 31440.119538,
  "12": 7408.940226,
  "13": 38710.672055,
  "14": 44001.314767,
  "15": 22445.490624,
  "16": 46423.999741,
  "17": 7.51005,
  "18": 0,
  "19": 31665.358469,
  "20": 20597.266883,
  "21": 14614.71486,
  "22": 26929.167392,
  "23": 400.431306,
  "24": 2531.379299,
  "25": 14256.158686,
  "26": 444.868875,
  "27": 23315.366252,
  "28": 30651.779258,
  "29": 29952.947642,
  "30": 27726.73591,
  "31": 4997.067115
}