{
  "1": 55100.982469,
  "2": 3456.144407,
  "3": 56030.414131,
  "4": 3036.067462,
  "5": 807.806132,
  "6": 2345.203604,
  "7": 44068.316304,
  "8": 26061.739544,
  "9": 25161.045774,
  "10": 32887.6199,
  "11": 32355.066445,
  "12": 1248.18089,
  "13": 8661.507764,
  "14": 3694.414903,
  "15": 8946.858627,
  "16": 5487.115606,
  "17": 4874.730187,
  "18": 26158.511127,
  "19": 27481.589532,
  "20": 15520.920166,
  "21": 24398.19797,
  "22": 24850.62028,
  "23": 6643.945257,
  "24": 27466.240667,
  "25": 5689.608237,
  "26": 24682.834511,
  "27": 1066.250525,
  "28": 5012.804562
}