{
  "1": 55100.982469,
  "2": 3456.144407,
  "3": 56030.414131,
  "4": 3036.067462,
  "5": 807.806132,
  "6": 2345.203604,
  "7": 44068.316304,
  "8": 26061.739544,
  "9": 25161.045774,
  "10": 32887.6199,
  "11": 23588.803933,
  "12": 0,
  "13": 0,
  "14": 0,
  "15": 0,
  "16": 0,
  "17": 0,
  "18": 0,
  "19": 0,
  "20": 0,
  "21": 0,
  "22": 0,
  "23": 0,
  "24": 0,
  "25": 0,
  "26": 0,
  "27": 0
}