{
  "1": 4202.297855,
  "2": 882.112962,
  "3": 20490.392909,
  "4": 17154.908331,
  "5": 43060.668983,
  "6": 1210.241862,
  "7": 14900.317202,
  "8": 56941.629766,
  "9": 15775.874369,
  "10": 6816.254316,
  "11": 5638.119557,
  "12": 1255.710924,
  "13": 1144.588758,
  "14": 10854.817337,
  "15": 26778.322451,
  "16": 1466.540484,
  "17": 4867.464974,
  "18": 3135.843845,
  "19": 283.298301,
  "20": 11816.373405,
  "21": 4142.493812,
  "22": 27743.719355,
  "23": 3349.219365,
  "24": 404.579516,
  "25": 0,
  "26": 0,
  "27": 0,
  "28": 0,
  "29": 0,
  "30": 0
}