{
  "1": 4202.297855,
  "2": 882.112962,
  "3": 20490.392909,
  "4": 17154.908331,
  "5": 43060.668983,
  "6": 1210.241862,
  "7": 14900.317202,
  "8": 56941.629766,
  "9": 15775.874369,
  "10": 6816.254316,
  "11": 5638.119557,
  "12": 1255.710924,
  "13": 1144.588758,
  "14": 10854.817337,
  "15": 17053.570212,
  "16": 0,
  "17": 0,
  "18": 0,
  "19": 0,
  "20": 0,
  "21": 0,
  "22": 0,
  "23": 0,
  "24": 0,
  "25": 0,
  "26": 0,
  "27": 0,
  "28": 0,
  "29": 0,
  "30": 0
}