{
  "1": 66.794674,
  "2": 3256.610276,
  "3": 735.853081,
  "4": 643.816741,
  "5": 1877.69037,
  "6": 1414.855885,
  "7": 88.188511,
  "8": 1535.408843,
  "9": 1604.840509,
  "10": 2409.948363,
  "11": 0,
  "12": 1679.286027,
  "13": 0,
  "14": 0,
  "15": 0,
  "16": 0,
  "17": 0,
  "18": 0,
  "19": 0,
  "20": 0,
  "21": 0,
  "22": 0,
  "23": 0,
  "24": 0,
  "25": 0,
  "26": 0,
  "27": 0,
  "28": 0,
  "29": 0
}