{
  "1": 66.794674,
  "2": 3256.610276,
  "3": 735.853081,
  "4": 643.816741,
  "5": 1877.69037,
  "6": 1414.855885,
  "7": 88.188511,
  "8": 1535.408843,
  "9": 1604.840509,
  "10": 2409.948363,
  "11": 0,
  "12": 2166.478954,
  "13": 2163.696643,
  "14": 20039.353006,
  "15": 0,
  "16": 2278.554067,
  "17": 1110.559792,
  "18": 46.289671,
  "19": 8420.255995,
  "20": 9005.757301,
  "21": 4172.705262,
  "22": 17739.553694,
  "23": 1400.8322,
  "24": 14986.359561,
  "25": 17303.412532,
  "26": 1435.684848,
  "27": 202.055915,
  "28": 0,
  "29": 0
}