{
  "1": 9618.728799,
  "2": 691.471025,
  "3": 8177.911504,
  "4": 670.677048,
  "5": 535.281774,
  "6": 6039.122851,
  "7": 6632.71816,
  "8": 825.892565,
  "9": 6830.240984,
  "10": 40.817418,
  "11": 10775.999991,
  "12": 9657.08527,
  "13": 2103.283279,
  "14": 3320.023544,
  "15": 1838.409758,
  "16": 755.490559,
  "17": 12281.304276,
  "18": 6463.295284,
  "19": 13947.195962,
  "20": 9887.601033,
  "21": 3.416761,
  "22": 0,
  "23": 0,
  "24": 424.26198,
  "25": 19567.623982,
  "26": 5675.399004,
  "27": 594.710875,
  "28": 161.35557,
  "29": 0,
  "30": 0
}