{
  "1": 9618.728799,
  "2": 691.471025,
  "3": 8177.911504,
  "4": 670.677048,
  "5": 535.281774,
  "6": 6039.122851,
  "7": 6632.71816,
  "8": 825.892565,
  "9": 6830.240984,
  "10": 40.817418,
  "11": 10775.999991,
  "12": 2790.99134,
  "13": 0,
  "14": 0,
  "15": 0,
  "16": 0,
  "17": 0,
  "18": 0,
  "19": 0,
  "20": 0,
  "21": 0,
  "22": 0,
  "23": 0,
  "24": 0,
  "25": 0,
  "26": 0,
  "27": 0,
  "28": 0,
  "29": 0,
  "30": 0
}