{
  "1": 3493.503994,
  "2": 0,
  "3": 438.511564,
  "4": 942.656476,
  "5": 2397.259015,
  "6": 1522.433269,
  "7": 82.64426,
  "8": 169.017055,
  "9": 0,
  "10": 0,
  "11": 0,
  "12": 0,
  "13": 0,
  "14": 0,
  "15": 0,
  "16": 0,
  "17": 0,
  "18": 0,
  "19": 0,
  "20": 0,
  "21": 0,
  "22": 0,
  "23": 0,
  "24": 0,
  "25": 0,
  "26": 0,
  "27": 0,
  "28": 0,
  "29": 0
}