{
  "1": 3493.503994,
  "2": 0,
  "3": 438.511564,
  "4": 942.656476,
  "5": 2397.259015,
  "6": 1522.433269,
  "7": 82.64426,
  "8": 207.82071,
  "9": 490.863452,
  "10": 1613.927632,
  "11": 5132.76546,
  "12": 4281.506438,
  "13": 942.578982,
  "14": 1645.480124,
  "15": 101.585295,
  "16": 0,
  "17": 0,
  "18": 4633.318282,
  "19": 4545.571444,
  "20": 1797.800728,
  "21": 6.968648,
  "22": 5.557702,
  "23": 0,
  "24": 397.835353,
  "25": 130.319495,
  "26": 0,
  "27": 0,
  "28": 0,
  "29": 0
}