{
  "1": 406.324288,
  "2": 39.270319,
  "3": 16940.566291,
  "4": 7453.003602,
  "5": 15937.601297,
  "6": 14.065865,
  "7": 0,
  "8": 0,
  "9": 0,
  "10": 0,
  "11": 0,
  "12": 0,
  "13": 10907.112264,
  "14": 6095.98664,
  "15": 2727.931283,
  "16": 10719.978224,
  "17": 267.399024,
  "18": 0,
  "19": 499.20145,
  "20": 0,
  "21": 885.567527,
  "22": 531.719848,
  "23": 0,
  "24": 0,
  "25": 15.096369,
  "26": 0,
  "27": 0,
  "28": 0,
  "29": 316.814733,
  "30": 0,
  "31": 588.126446
}