{
  "1": 406.324288,
  "2": 39.270319,
  "3": 16940.566291,
  "4": 7453.003602,
  "5": 15937.601297,
  "6": 14.065865,
  "7": 0,
  "8": 0,
  "9": 0,
  "10": 0,
  "11": 0,
  "12": 0,
  "13": 10907.112264,
  "14": 5700.535063,
  "15": 0,
  "16": 0,
  "17": 0,
  "18": 0,
  "19": 0,
  "20": 0,
  "21": 0,
  "22": 0,
  "23": 0,
  "24": 0,
  "25": 0,
  "26": 0,
  "27": 0,
  "28": 0,
  "29": 0,
  "30": 0
}