{
  "1": 2656.29686,
  "2": 604.388722,
  "3": 178.663167,
  "4": 280.161105,
  "5": 0,
  "6": 14.830615,
  "7": 28.768101,
  "8": 19138.248743,
  "9": 1079.352397,
  "10": 6517.968358,
  "11": 1339.883538,
  "12": 0,
  "13": 0,
  "14": 0,
  "15": 0,
  "16": 0,
  "17": 81.812726,
  "18": 129.374218,
  "19": 0,
  "20": 104.502537,
  "21": 0,
  "22": 65.740781,
  "23": 1.591666,
  "24": 0,
  "25": 1467.626818,
  "26": 0,
  "27": 0,
  "28": 0,
  "29": 0,
  "30": 0
}