{
  "1": 2656.29686,
  "2": 604.388722,
  "3": 178.663167,
  "4": 280.161105,
  "5": 0,
  "6": 14.830615,
  "7": 28.768101,
  "8": 19138.248743,
  "9": 1079.352397,
  "10": 6517.968358,
  "11": 1339.883538,
  "12": 0,
  "13": 0,
  "14": 0,
  "15": 0,
  "16": 0,
  "17": 24.024584,
  "18": 0,
  "19": 0,
  "20": 0,
  "21": 0,
  "22": 0,
  "23": 0,
  "24": 0,
  "25": 0,
  "26": 0,
  "27": 0,
  "28": 0,
  "29": 0,
  "30": 0
}