{
  "1": 255.143434,
  "2": 0,
  "3": 0,
  "4": 164.852872,
  "5": 0,
  "6": 5.231332,
  "7": 5631.799724,
  "8": 1896.050015,
  "9": 0,
  "10": 4.330898,
  "11": 0,
  "12": 0,
  "13": 0,
  "14": 0,
  "15": 0,
  "16": 0,
  "17": 0,
  "18": 0,
  "19": 0,
  "20": 0,
  "21": 0,
  "22": 0,
  "23": 0,
  "24": 0,
  "25": 0,
  "26": 0,
  "27": 0,
  "28": 0,
  "29": 0
}