{
  "1": 183.678422,
  "2": 0,
  "3": 16.194301,
  "4": 413.860412,
  "5": 661.935675,
  "6": 1002.482376,
  "7": 17.535019,
  "8": 0,
  "9": 0,
  "10": 0,
  "11": 209.143184,
  "12": 6.317257,
  "13": 90.452731,
  "14": 3.253201,
  "15": 0,
  "16": 0,
  "17": 0,
  "18": 1228.170231,
  "19": 405.513485,
  "20": 7681.821131,
  "21": 755.590444,
  "22": 2962.784445,
  "23": 0,
  "24": 1.088408,
  "25": 0,
  "26": 0,
  "27": 0,
  "28": 0,
  "29": 0,
  "30": 0
}