{
  "1": 1191.635052,
  "2": 789.425318,
  "3": 0,
  "4": 0,
  "5": 0,
  "6": 0,
  "7": 1370.53375,
  "8": 411.893582,
  "9": 3.755351,
  "10": 182.503263,
  "11": 0,
  "12": 0,
  "13": 0,
  "14": 0,
  "15": 0,
  "16": 0,
  "17": 0,
  "18": 0,
  "19": 0,
  "20": 0,
  "21": 0,
  "22": 0,
  "23": 0,
  "24": 0,
  "25": 0,
  "26": 86.602552,
  "27": 0,
  "28": 673.475612,
  "29": 0
}