{
  "1": 6.880467,
  "2": 54.994194,
  "3": 0,
  "4": 0,
  "5": 0,
  "6": 0,
  "7": 0,
  "8": 0,
  "9": 365.584217,
  "10": 0,
  "11": 0,
  "12": 0,
  "13": 0,
  "14": 1057.830463,
  "15": 660.445509,
  "16": 58.565111,
  "17": 0,
  "18": 0,
  "19": 0,
  "20": 0,
  "21": 0,
  "22": 0,
  "23": 0,
  "24": 0,
  "25": 0,
  "26": 0,
  "27": 0,
  "28": 0,
  "29": 0,
  "30": 0
}