{
  "2022-05-1": 0,
  "2022-05-2": 510.123124,
  "2022-05-3": 0,
  "2022-05-4": 0,
  "2022-05-5": 0,
  "2022-05-6": 2.892466,
  "2022-05-7": 0
}