{
  "2022-08-1": 48.565169,
  "2022-08-2": 422.07724,
  "2022-08-3": 0,
  "2022-08-4": 0,
  "2022-08-5": 0,
  "2022-08-6": 0
}