{
  "2022-08-1": 48.565169,
  "2022-08-2": 1400.632836,
  "2022-08-3": 311.053614,
  "2022-08-4": 0,
  "2022-08-5": 0,
  "2022-08-6": 0
}