{
  "2022-01-30": 0,
  "2022-02-1": 0,
  "2022-02-2": 2097.711533,
  "2022-02-3": 373.467307,
  "2022-02-4": 0,
  "2022-02-5": 0
}