{
  "2020": 157791.002936,
  "2021": 977710.2007590001
}