{
  "2020": 157791.002936,
  "2021": 1984357.1421229998
}