{
  "2020": 157791.002936,
  "2021": 1963402.605144
}