{
  "2020": 157791.002936,
  "2021": 1959998.7840129999
}