{
  "2020": 157791.002936,
  "2021": 1798690.103913
}