{
  "2020": 157791.002936,
  "2021": 1773983.0431780003
}