{
  "2020": 157791.002936,
  "2021": 1513180.954736
}