{
  "2020": 157791.002936,
  "2021": 580634.215086
}