{
  "2020": 157791.002936,
  "2021": 1959981.8998349998
}