{
  "2020": 157791.002936,
  "2021": 1804549.554891
}