{
  "2020": 157791.002936,
  "2021": 1784997.0497160002
}