{
  "2020": 157791.002936,
  "2021": 1963502.6283329998
}