{
  "2020": 157791.002936,
  "2021": 1939114.818464
}