{
  "2020": 157791.002936,
  "2021": 437081.4367329999
}