{
  "2020": 157791.002936,
  "2021": 1412713.318301
}