{
  "2020": 157791.002936,
  "2021": 1262791.702709
}