{
  "2020": 157791.002936,
  "2021": 1982871.8527819996
}