{
  "2020": 157791.002936,
  "2021": 1918336.7859099999
}