{
  "2020": 157791.002936,
  "2021": 1543349.545561
}