{
  "2020": 157791.002936,
  "2021": 810839.0299460001
}