{
  "2020": 157791.002936,
  "2021": 83976.08834100001
}