{
  "2020": 157791.002936,
  "2021": 1645014.6191250004
}