{
  "2020": 157791.002936,
  "2021": 1957794.6259019999
}