{
  "2020": 157791.002936,
  "2021": 1762714.7303050002
}