{
  "2020": 157791.002936,
  "2021": 1964127.9550999997
}