{
  "2020": 157791.002936,
  "2021": 1364182.442151
}