{
  "2020": 157791.002936,
  "2021": 1916390.762219
}