{
  "2020": 157791.002936,
  "2021": 961498.6571060001
}