{
  "2020": 157791.002936,
  "2021": 1879846.0725589998
}