{
  "2020": 157791.002936,
  "2021": 1237769.6777879999
}