{
  "2020": 157791.002936,
  "2021": 767502.4727710001
}