{
  "2020": 157791.002936,
  "2021": 1981544.8173879997
}