{
  "2020": 157791.002936,
  "2021": 11892.425499
}