{
  "2020": 157791.002936,
  "2021": 1886445.7075019998
}