{
  "2020": 157791.002936,
  "2021": 261782.163108
}