{
  "2020": 157791.002936,
  "2021": 1471002.8313499996
}