{
  "2020": 157791.002936,
  "2021": 790513.190255
}