{
  "2020": 157791.002936,
  "2021": 1923973.816966
}