{
  "2020": 157791.002936,
  "2021": 1881777.6577529998
}