{
  "2020": 157791.002936,
  "2021": 1787700.8871090002
}