{
  "2020": 157791.002936,
  "2021": 1808743.15775
}