{
  "2020": 157791.002936,
  "2021": 1926539.387653
}