{
  "2020": 157791.002936,
  "2021": 1808319.5388540002
}