{
  "2020": 157791.002936,
  "2021": 866264.3757050001
}