{
  "2020": 157791.002936,
  "2021": 420772.58052099997
}