{
  "2020": 157791.002936,
  "2021": 1504015.825226
}