{
  "2020": 157791.002936,
  "2021": 1933439.989153
}