{
  "2020": 157791.002936,
  "2021": 1635666.9664430004
}