{
  "2020": 157791.002936,
  "2021": 1344012.189086
}