{
  "2020": 157791.002936,
  "2021": 1793181.4563250002
}