{
  "2020": 157791.002936,
  "2021": 1618062.4525400002
}