{
  "2020": 157791.002936,
  "2021": 1519921.078696
}