{
  "2020": 157791.002936,
  "2021": 1976848.071182
}