{
  "2020": 157791.002936,
  "2021": 1308477.224954
}