{
  "2020": 157791.002936,
  "2021": 1867164.9728919999
}