{
  "2020": 157791.002936,
  "2021": 1798677.5775630001
}