{
  "2020": 157791.002936,
  "2021": 1774267.0955900003
}