{
  "2020": 157791.002936,
  "2021": 1651089.9596200003
}