{
  "2020": 157791.002936,
  "2021": 1708140.8374120004
}