{
  "2020": 157791.002936,
  "2021": 1985076.1527429998
}