{
  "2020": 157791.002936,
  "2021": 1634461.0164930003
}