{
  "2020": 157791.002936,
  "2021": 1976537.596477
}