{
  "2020": 157791.002936,
  "2021": 1623659.0648050003
}