{
  "2020": 157791.002936,
  "2021": 1914521.1605379998
}