{
  "2020": 157791.002936,
  "2021": 1564101.77996
}