{
  "2020": 157791.002936,
  "2021": 1981817.6785539996
}