{
  "2020": 157791.002936,
  "2021": 1772612.6121030003
}