{
  "2020": 157791.002936,
  "2021": 714790.5018790001
}