{
  "2020": 157791.002936,
  "2021": 1825722.99436
}