{
  "2020": 157791.002936,
  "2021": 1765518.6484530002
}