{
  "2020": 157791.002936,
  "2021": 1965283.487942
}