{
  "2020": 157791.002936,
  "2021": 514586.59817499993
}