{
  "2020": 157791.002936,
  "2021": 1963499.3751319998
}