{
  "2020": 157791.002936,
  "2021": 1043170.27503
}