{
  "2020": 157791.002936,
  "2021": 406413.34621899994
}