{
  "2020": 157791.002936,
  "2021": 1084584.022392
}