{
  "2020": 157791.002936,
  "2021": 1109219.904198
}