{
  "2020": 157791.002936,
  "2021": 1411312.628074
}