{
  "2020": 157791.002936,
  "2021": 1978194.026427
}