{
  "2020": 157791.002936,
  "2021": 1440088.1165449999
}