{
  "2020": 157791.002936,
  "2021": 1175021.7318709998
}