{
  "2020": 157791.002936,
  "2021": 20127.055586000002
}