{
  "2020": 157791.002936,
  "2021": 1665419.6287470004
}