{
  "2020": 157791.002936,
  "2021": 1928914.563144
}