{
  "2020": 157791.002936,
  "2021": 1545009.915796
}