{
  "2020": 157791.002936,
  "2021": 1979762.3900559999
}