{
  "2020": 157791.002936,
  "2021": 1459765.1242379998
}