{
  "2020": 157791.002936,
  "2021": 955098.4846050001
}