{
  "2020": 157791.002936,
  "2021": 1617860.3966250003
}