{
  "2020": 157791.002936,
  "2021": 790282.784601
}