{
  "2020": 157791.002936,
  "2021": 1886402.1087859997
}