{
  "2020": 157791.002936,
  "2021": 1657722.6777800003
}