{
  "2020": 157791.002936,
  "2021": 847520.1684620001
}