{
  "2020": 157791.002936,
  "2021": 1141493.6201939997
}