{
  "2020": 157791.002936,
  "2021": 984163.0956550001
}