{
  "2020": 157791.002936,
  "2021": 589062.923769
}