{
  "2020": 157791.002936,
  "2021": 1197830.340097
}