{
  "2020": 157791.002936,
  "2021": 1860032.8603059999
}