{
  "2020": 157791.002936,
  "2021": 1678986.6200780002
}