{
  "2020": 157791.002936,
  "2021": 1877534.714276
}