{
  "2020": 157791.002936,
  "2021": 1492517.306937
}