{
  "2020": 157791.002936,
  "2021": 1960876.856469
}