{
  "2020": 157791.002936,
  "2021": 1506659.970618
}