{
  "2020": 157791.002936,
  "2021": 648863.332518
}