{
  "2020": 157791.002936,
  "2021": 263286.220341
}