{
  "2020": 157791.002936,
  "2021": 1662925.7114870003
}