{
  "2019": 761539.7373129998,
  "2020": 4035313.730376003
}