{
  "2020": 157791.002936,
  "2021": 906504.2676920001
}