{
  "2020": 157791.002936,
  "2021": 1427460.161347
}