{
  "2020": 157791.002936,
  "2021": 1914732.347482
}