{
  "2020": 157791.002936,
  "2021": 1914904.1824659999
}