{
  "2020": 157791.002936,
  "2021": 1010028.2334420001
}