{
  "2020": 157791.002936,
  "2021": 1961081.4541769999
}