{
  "2020": 157791.002936,
  "2021": 1886121.9476809998
}