{
  "2020": 157791.002936,
  "2021": 1977346.422796
}