{
  "2020": 157791.002936,
  "2021": 973486.4318260001
}