{
  "2020": 157791.002936,
  "2021": 108363.09040500001
}