{
  "2020": 157791.002936,
  "2021": 1926993.916979
}