{
  "2020": 157791.002936,
  "2021": 211128.479885
}