{
  "2020": 157791.002936,
  "2021": 1914602.973264
}