{
  "2020": 157791.002936,
  "2021": 1594394.582955
}