{
  "2020": 157791.002936,
  "2021": 1929139.0560589998
}