{
  "2020": 157791.002936,
  "2021": 362625.346396
}