{
  "2020": 157791.002936,
  "2021": 1417337.08179
}