{
  "2020": 157791.002936,
  "2021": 1511576.114227
}