{
  "2020": 157791.002936,
  "2021": 1134140.027214
}