{
  "2020": 157791.002936,
  "2021": 1362564.557429
}