{
  "2020": 157791.002936,
  "2021": 1514403.579108
}