{
  "2020": 157791.002936,
  "2021": 1790101.6869640003
}