{
  "2020": 157791.002936,
  "2021": 1977777.341722
}