{
  "2020": 157791.002936,
  "2021": 1568599.502132
}