{
  "2020": 157791.002936,
  "2021": 643866.265403
}