{
  "2020": 157791.002936,
  "2021": 1849113.5992589998
}