{
  "2020": 157791.002936,
  "2021": 1799087.9392660002
}