{
  "2020": 157791.002936,
  "2021": 1769216.6682520001
}