{
  "2020": 157791.002936,
  "2021": 1915885.0049849998
}