{
  "2020": 157791.002936,
  "2021": 1584134.939684
}