{
  "2020": 157791.002936,
  "2021": 1032729.109045
}