{
  "2020": 157791.002936,
  "2021": 1736876.9964440002
}