{
  "2020": 157791.002936,
  "2021": 1963408.9224009998
}