{
  "2020": 157791.002936,
  "2021": 1666379.6838660003
}