{
  "2020": 157791.002936,
  "2021": 1925869.866981
}