{
  "2020": 157791.002936,
  "2021": 1501650.779612
}