{
  "2020": 157791.002936,
  "2021": 13191.870584
}