{
  "2020": 157791.002936,
  "2021": 1216367.1257469999
}