{
  "2020": 157791.002936,
  "2021": 1976536.508069
}