{
  "2020": 157791.002936,
  "2021": 178420.69868
}