{
  "2020": 157791.002936,
  "2021": 1406552.5906870002
}