{
  "2020": 157791.002936,
  "2021": 1808336.8334620001
}