{
  "2020": 157791.002936,
  "2021": 1622524.5180640004
}