{
  "2020": 157791.002936,
  "2021": 945203.3197920001
}