{
  "2020": 157791.002936,
  "2021": 1917916.7896039998
}