{
  "2020": 157791.002936,
  "2021": 1365327.030909
}