{
  "2020": 157791.002936,
  "2021": 1355814.459557
}