{
  "2020": 157791.002936,
  "2021": 1474281.48718
}