{
  "2020": 157791.002936,
  "2021": 1973553.840561
}