{
  "2020": 157791.002936,
  "2021": 1957557.59733
}