{
  "2020": 157791.002936,
  "2021": 1882094.4724859998
}