{
  "2020": 157791.002936,
  "2021": 1982933.7274429996
}