{
  "2020": 157791.002936,
  "2021": 1706135.4763310002
}