{
  "2020": 157791.002936,
  "2021": 479617.07001299993
}