{
  "2020": 157791.002936,
  "2021": 1767900.854432
}