{
  "2020": 157791.002936,
  "2021": 1961097.648478
}