{
  "2020": 157791.002936,
  "2021": 1643844.8779470003
}