{
  "2020": 157791.002936,
  "2021": 1963175.926941
}