{
  "2020": 157791.002936,
  "2021": 1964901.9942489997
}