{
  "2020": 157791.002936,
  "2021": 534548.553021
}