{
  "2020": 157791.002936,
  "2021": 342191.32832999993
}