{
  "2020": 157791.002936,
  "2021": 1960574.780692
}