{
  "2020": 157791.002936,
  "2021": 1541415.362511
}