{
  "2020": 157791.002936,
  "2021": 1807642.7301420001
}