{
  "2020": 157791.002936,
  "2021": 1961511.50889
}