{
  "2020": 157791.002936,
  "2021": 1404343.1033070001
}