{
  "2020": 157791.002936,
  "2021": 1773284.359016
}