{
  "2020": 157791.002936,
  "2021": 1773453.376071
}