{
  "2020": 157791.002936,
  "2021": 1917691.10563
}