{
  "2020": 157791.002936,
  "2021": 1616341.276092
}