{
  "2020": 157791.002936,
  "2021": 1983299.3116599997
}