{
  "2020": 157791.002936,
  "2021": 1786225.7349160002
}