{
  "2020": 157791.002936,
  "2021": 1485057.430337
}