{
  "2020": 157791.002936,
  "2021": 1729747.3461140003
}