{
  "2020": 157791.002936,
  "2021": 1925874.1978789999
}