{
  "2020": 157791.002936,
  "2021": 1881762.561384
}