{
  "2020": 157791.002936,
  "2021": 420780.09057099995
}