{
  "2020": 157791.002936,
  "2021": 516568.6143419999
}