{
  "2020": 157791.002936,
  "2021": 1393235.418458
}