{
  "2020": 157791.002936,
  "2021": 1775788.5256030003
}