{
  "2020": 157791.002936,
  "2021": 1658548.5703450004
}