{
  "2020": 157791.002936,
  "2021": 1885338.8957919998
}