{
  "2020": 157791.002936,
  "2021": 966896.4170270001
}