{
  "2020": 157791.002936,
  "2021": 793410.084399
}