{
  "2020": 157791.002936,
  "2021": 1982491.1541659997
}