{
  "2020": 157791.002936,
  "2021": 1165682.2378819997
}