{
  "2020": 157791.002936,
  "2021": 1517270.189126
}