{
  "2020": 157791.002936,
  "2021": 1618724.1606330003
}