{
  "2020": 157791.002936,
  "2021": 1736452.7344640002
}