{
  "2020": 157791.002936,
  "2021": 1078799.451795
}