{
  "2020": 157791.002936,
  "2021": 282068.50228799996
}