{
  "2020": 157791.002936,
  "2021": 465533.922418
}