{
  "2020": 157791.002936,
  "2021": 7644.86269
}