{
  "2020": 157791.002936,
  "2021": 1982878.7332489996
}