{
  "2020": 157791.002936,
  "2021": 1506006.164944
}