{
  "2020": 157791.002936,
  "2021": 1740117.882749
}