{
  "2020": 157791.002936,
  "2021": 728498.2214270001
}