{
  "2020": 157791.002936,
  "2021": 1962173.444565
}