{
  "2020": 157791.002936,
  "2021": 1687884.6871930002
}