{
  "2020": 157791.002936,
  "2021": 1918171.9330379998
}