{
  "2020": 157791.002936,
  "2021": 1693114.4305890002
}