{
  "2020": 157791.002936,
  "2021": 1882682.5989319999
}