{
  "2020": 157791.002936,
  "2021": 1515590.903099
}