{
  "2020": 157791.002936,
  "2021": 1539960.4317019999
}