{
  "2020": 157791.002936,
  "2021": 1865735.3124509999
}