{
  "2020": 157791.002936,
  "2021": 1981731.0760019997
}