{
  "2020": 157791.002936,
  "2021": 1460169.703754
}