{
  "2020": 157791.002936,
  "2021": 1762876.085875
}