{
  "2020": 157791.002936,
  "2021": 1180867.7812309999
}