{
  "2020": 157791.002936,
  "2021": 1508537.660988
}