{
  "2020": 157791.002936,
  "2021": 1771653.9854510003
}