{
  "2020": 157791.002936,
  "2021": 1693869.9211480003
}