{
  "2020": 157791.002936,
  "2021": 1849127.6651239998
}