{
  "2020": 157791.002936,
  "2021": 1914545.1851219998
}