{
  "2020": 157791.002936,
  "2021": 1475003.239662
}