{
  "2020": 157791.002936,
  "2021": 1880345.2740089998
}