{
  "2020": 157791.002936,
  "2021": 1510040.705384
}