{
  "2020": 157791.002936,
  "2021": 1955804.9454980001
}