{
  "2020": 157791.002936,
  "2021": 1276339.4526479999
}