{
  "2020": 157791.002936,
  "2021": 1761964.5246990002
}