{
  "2020": 157791.002936,
  "2021": 1375502.735034
}