{
  "2020": 157791.002936,
  "2021": 1799218.2587610001
}