{
  "2020": 157791.002936,
  "2021": 531774.567466
}