{
  "2020": 157791.002936,
  "2021": 12723.546349
}