{
  "2020": 157791.002936,
  "2021": 1170822.1499479997
}