{
  "2020": 157791.002936,
  "2021": 1908414.9225869998
}