{
  "2020": 157791.002936,
  "2021": 1763998.551352
}